"population","county","cases","fips","casepercap"
3500,"Autauga",2818,1001,80514.2857142857
11500,"Baldwin",2676,1003,23269.5652173913
3000,"Barbour",441,54001,14700
1500,"Bibb",7753,13021,516866.666666667
5000,"Blount",5863,47009,117260
600,"Bullock",701,1011,116833.333333333
1900,"Butler",4665,20015,245526.315789474
8400,"Calhoun",81,45017,964.285714285714
2600,"Chambers",2075,1017,79807.6923076923
2200,"Cherokee",1756,13057,79818.1818181818
3100,"Chilton",2289,1021,73838.7096774194
1400,"Choctaw",710,28019,50714.2857142857
2100,"Clark",2362,32003,112476.19047619
2100,"Clarke",208,13059,9904.7619047619
1000,"Clay",120,12019,12000
1600,"Cleburne",752,5023,47000
7300,"Coffee",2990,13069,40958.904109589
4300,"Colbert",3320,1033,77209.3023255814
950,"Conecuh",700,1035,73684.2105263158
850,"Coos",443,33007,52117.6470588235
850,"Coosa",366,1037,43058.8235294118
4100,"Covington",1286,1039,31365.8536585366
1800,"Crenshaw",722,1041,40111.1111111111
6500,"Cullman",4624,1043,71138.4615384615
4500,"Dale",2390,1045,53111.1111111111
3100,"Dallas",139977,48113,4515387.09677419
6300,"DeKalb",1235,13089,19603.1746031746
5800,"Elmore",931,1051,16051.724137931
3200,"Escambia",16872,12033,527250
8000,"Etowah",6561,1055,82012.5
1600,"Fayette",1177,21067,73562.5
2400,"Franklin",6755,20059,281458.333333333
2900,"Geneva",1250,1061,43103.4482758621
600,"Green",1726,55045,287666.666666667
600,"Greene",370,29077,61666.6666666667
1400,"Hale",4163,48189,297357.142857143
1700,"Henry",1933,13151,113705.882352941
26500,"Houston",576,13153,2173.58490566038
5200,"Jack",253,48237,4865.38461538462
5200,"Jackson",1758,41029,33807.6923076923
45500,"Jefferson",5788,8059,12720.8791208791
1300,"Lamar",2787,1075,214384.615384615
7100,"Lauderdale",2101,1077,29591.5492957747
2800,"Lawrence",2841,28077,101464.285714286
9200,"Lee",952,12071,10347.8260869565
6100,"Limestone",794,1083,13016.3934426229
1200,"Lowndes",2470,13185,205833.333333333
2400,"Macon",1874,13193,78083.3333333333
24000,"Madison",191,1089,795.833333333333
1700,"Marengo",1234,1091,72588.2352941176
2600,"Marion",927,18097,35653.8461538462
13000,"Marshall",1276,28093,9815.38461538462
28500,"Mobile",20103,1097,70536.8421052632
1700,"Monroe",2679,42089,157588.235294118
16000,"Montgomery",3931,24031,24568.75
8300,"Morgan",297,8087,3578.31325301205
600,"Perry",498,28111,83000
2000,"Pickens",6563,13227,328150
3300,"Pike",867,42103,26272.7272727273
1900,"Randolph",718,13243,37789.4736842105
3300,"Russell",817,1113,24757.5757575758
5100,"St. Clair",341,26147,6686.27450980392
16000,"Shelby",601,47157,3756.25
1200,"Sumter",4204,12119,350333.333333333
5600,"Talladega",3701,1121,66089.2857142857
3100,"Tallapoosa",1872,1123,60387.0967741936
14000,"Tuscaloosa",13366,1125,95471.4285714286
5500,"Walker",4493,1127,81690.9090909091
1300,"Washington",9940,41067,764615.384615385
1100,"Wilcox",386,1131,35090.9090909091
2300,"Winston",1255,28159,54565.2173913043
1000,"Aleutians East Borough",37,2013,3700
2000,"Aleutians West Census Area",108,2016,5400
19500,"Anchorage",16951,2020,86928.2051282051
7000,"Bethel Census Area",1595,2050,22785.7142857143
500,"Bay",4599,26017,919800
500,"Bristol",1244,25005,248800
500,"Bristol Bay Borough",76,2060,15200
400,"Denali Borough",43,2068,10750
2000,"Dillingham Census Area",100,2070,5000
6200,"Fairbanks North Star Borough",3477,2090,56080.6451612903
350,"Haines Borough",17,2100,4857.14285714286
3400,"Juneau",1939,55057,57029.4117647059
3400,"Juneau City and Borough",847,2110,24911.7647058824
7300,"Kenai Peninsula Borough",2642,2122,36191.7808219178
2600,"Ketchikan Gateway Borough",194,2130,7461.53846153846
1400,"Island",652,53029,46571.4285714286
1400,"Kodiak Island Borough",295,2150,21071.4285714286
4100,"Kusilvak Census Area",426,2158,10390.243902439
850,"Lake",1182,17097,139058.823529412
850,"Lake and Peninsula Borough",5,2164,588.235294117647
14500,"Matanuska-Susitna Borough",3745,2170,25827.5862068966
4700,"Nome Census Area",233,2180,4957.44680851064
3000,"North Slope Borough",470,2185,15666.6666666667
3000,"Slope",19,38087,633.333333333333
3600,"Northwest Arctic Borough",361,2188,10027.7777777778
1200,"Petersburg Borough",22,2195,1833.33333333333
2300,"Hyde",125,46069,5434.78260869565
2300,"Prince of Wales-Hyder Census Area",53,2198,2304.34782608696
1600,"Sitka City and Borough",199,2220,12437.5
500,"Skagway Municipality",11,2230,2200
1100,"Southeast Fairbanks Census Area",287,2240,26090.9090909091
1000,"Valdez-Cordova Census Area",256,2261,25600
800,"Wrangell City and Borough",19,2275,2375
2600,"Yukon-Koyukuk Census Area",173,2290,6653.84615384615
11000,"Apache",5492,4001,49927.2727272727
11000,"Cochise",3781,4003,34372.7272727273
13000,"Coconino",7575,4005,58269.2307692308
4200,"Gila",3076,4007,73238.0952380952
3700,"Graham",275,4009,7432.43243243243
950,"Greenlee",239,4011,25157.8947368421
1800,"La Paz",883,4012,49055.5555555556
293000,"Maricopa",213988,4013,73033.4470989761
13500,"Mohave",6477,4015,47977.7777777778
12500,"Navajo",8283,4017,66264
74500,"Pima",40803,4019,54769.1275167785
27000,"Pinal",17124,4021,63422.2222222222
2900,"Santa Cruz",4610,6087,158965.517241379
13500,"Yavapai",5790,4025,42888.8888888889
14500,"Yuma",338,8125,2331.03448275862
2000,"Arkansas",973,5001,48650
1900,"Ashley",871,5003,45842.1052631579
3500,"Baxter",1435,5005,41000
20000,"Bent",197,8011,985
20000,"Benton",8418,27009,42090
3400,"Boone",663,18011,19500
1100,"Bradley",5583,5011,507545.454545455
2100,"Carroll",984,19027,46857.1428571429
1100,"Chicot",1195,5017,108636.363636364
1000,"Cleveland",13132,40027,1313200
1900,"Columbia",3697,53013,194578.947368421
2200,"Conway",695,5029,31590.9090909091
7200,"Craig",90,40035,1250
7200,"Craighead",7235,5031,100486.111111111
4700,"Crawford",1343,5033,28574.4680851064
4600,"Crittenden",254,5035,5521.73913043478
1700,"Cross",881,5037,51823.5294117647
1300,"Desha",574,5041,44153.8461538462
1400,"Drew",763,5043,54500
9400,"Faulk",280,46049,2978.72340425532
9400,"Faulkner",4907,5045,52202.1276595745
1300,"Fulton",298,13121,22923.0769230769
5900,"Garland",3910,5051,66271.186440678
1800,"Grant",3752,53025,208444.444444444
1900,"Hempstead",882,5057,46421.0526315789
2900,"Hot Spring",2954,5059,101862.068965517
1200,"Howard",2055,18067,171250
3100,"Independence",2125,5063,68548.3870967742
1500,"Izard",1007,5065,67133.3333333333
2600,"Johnson",328,20091,12615.3846153846
950,"Lafayette",1131,22055,119052.631578947
1700,"Lincoln",659,23015,38764.7058823529
1300,"Little River",651,5081,50076.9230769231
2600,"Logan",1069,40083,41115.3846153846
5400,"Lonoke",2778,5085,51444.4444444444
3000,"Miller",1519,13201,50633.3333333333
4100,"Mississippi",891,5093,21731.7073170732
800,"Nevada",1414,6057,176750
800,"Newton",200,13217,25000
1900,"Ouachita",10160,22073,534736.842105263
1300,"Phillips",286,8095,22000
2600,"Poinsett",1689,5111,64961.5384615385
2100,"Polk",2234,13233,106380.952380952
4700,"Pope",557,5115,11851.0638297872
1200,"Prairie",101,5117,8416.66666666667
24000,"Pulaski",711,5119,2962.5
2300,"St. Francis",2067,5123,89869.5652173913
7500,"Saline",1504,5125,20053.3333333333
900,"Scott",784,21209,87111.1111111111
800,"Searcy",309,5129,38625
8500,"Sebastian",7122,5131,83788.2352941177
1600,"Sevier",929,47155,58062.5
2100,"Sharp",728,5135,34666.6666666667
900,"Stone",1207,5137,134111.111111111
3200,"Union",753,34039,23531.25
1700,"Van Buren",383,5141,22529.4117647059
6200,"White",1862,5145,30032.2580645161
850,"Wood",4503,55141,529764.705882353
850,"Woodruff",205,5147,24117.6470588235
1900,"Yell",1667,5149,87736.8421052632
127000,"Alameda",29993,6001,23616.5354330709
300,"Alpine",41,6003,13666.6666666667
3300,"Amador",558,6005,16909.0909090909
17500,"Butte",730,6007,4171.42857142857
2600,"Calaveras",498,6009,19153.8461538462
1900,"Colusa",747,6011,39315.7894736842
75000,"Contra Costa",24914,6013,33218.6666666667
2500,"Del Norte",339,6015,13560
13000,"Dorado",1470,72051,11307.6923076923
13000,"El Dorado",2488,6017,19138.4615384615
67500,"Fresno",38956,6019,57712.5925925926
2500,"Glenn",954,6021,38160
11000,"Humboldt",326,6023,2963.63636363636
11000,"Imperial",16364,6025,148763.636363636
2500,"Inyo",304,6027,12160
55000,"Kern",42614,6029,77480
12500,"King",45157,53033,361256
12500,"Kings",11381,6031,91048
4400,"Lassen",2182,6035,49590.9090909091
764000,"Los Angeles",408515,6037,53470.5497382199
9700,"Madera",6346,6039,65422.6804123711
18000,"Marin",7840,6041,43555.5555555556
1500,"Mariposa",143,6043,9533.33333333333
6700,"Mendocino",1632,6045,24358.2089552239
18000,"Merced",12281,6047,68227.7777777778
950,"Modoc",113,6049,11894.7368421053
700,"Mono",550,6051,78571.4285714286
32000,"Monterey",15837,6053,49490.625
13000,"Napa",3096,6055,23815.3846153846
222000,"Orange",605,6059,272.522522522523
29000,"Placer",6664,6061,22979.3103448276
1500,"Plumas",192,6063,12800
167000,"Riverside",87722,6065,52528.1437125748
109000,"Sac",886,19161,812.844036697248
109000,"Sacramento",38998,6067,35777.9816513761
5100,"San Benito",1929,6069,37823.5294117647
134000,"San Bernardino",94106,6071,70228.3582089552
221000,"San Diego",83484,6073,37775.5656108597
59500,"San Francisco",15642,6075,26289.0756302521
52000,"San Joaquin",26064,6077,50123.0769230769
19000,"San Luis Obispo",6345,6079,33394.7368421053
56500,"San Mateo",14614,6081,25865.4867256637
32000,"Santa Barbara",11631,6083,36346.875
145000,"Santa Clara",35457,6085,24453.1034482759
15500,"Shasta",5132,6089,33109.6774193548
300,"Sierra",345,35051,115000
6600,"Siskiyou",737,6093,11166.6666666667
32000,"Solano",10736,6095,33550
35500,"Sonoma",12662,6097,35667.6056338028
35000,"Stanislaus",23923,6099,68351.4285714286
8000,"Sutter",3637,6101,45462.5
4600,"Tehama",1724,6103,37478.2608695652
1200,"Trinity",228,48455,19000
32500,"Tulare",21332,6107,65636.9230769231
4100,"Tuolumne",1104,6109,26926.8292682927
63000,"Ventura",20308,6111,32234.9206349206
15000,"Yolo",4930,6113,32866.6666666667
5100,"Yuba",2221,6115,43549.0196078431
32500,"Ada",26209,16001,80643.0769230769
32500,"Adams",1138,18001,3501.53846153846
32500,"Colorado",679,48089,2089.23076923077
1500,"Alamosa",629,8003,41933.3333333333
51000,"Arapahoe",27932,8005,54768.6274509804
1200,"Archuleta",243,8007,20250
900,"Baca",107,8009,11888.8888888889
25000,"Boulder",11433,8013,45732
5700,"Broomfield",2087,8014,36614.0350877193
1500,"Chaffee",663,8015,44200
500,"Cheyenne",541,31033,108200
900,"Clear Creek",193,8019,21444.4444444444
900,"Creek",2725,40037,302777.777777778
1500,"Conejos",173,8021,11533.3333333333
550,"Costilla",84,8023,15272.7272727273
800,"Crowley",1241,8025,155125
450,"Custer",544,40039,120888.888888889
2600,"Delta",50,8029,1923.07692307692
46000,"Denver",37421,8031,81350
350,"Dolores",22,8033,6285.71428571429
25000,"Douglas",2217,31055,8868
2600,"Eagle",2403,8037,92423.0769230769
2800,"Elbert",1219,8039,43535.7142857143
48000,"El Paso",86752,8041,180733.333333333
4800,"Fremont",3390,56013,70625
3900,"Garfield",55,8045,1410.25641025641
400,"Gilpin",87,8047,21750
1000,"Grand",304,8049,30400
1300,"Gunnison",476,8051,36615.3846153846
200,"Hinsdale",8,8053,4000
650,"Huerfano",179,8055,27538.4615384615
450,"Kiowa",385,40075,85555.5555555555
1300,"Carson",100,48065,7692.30769230769
1300,"Kit Carson",303,8063,23307.6923076923
6100,"La Plata",1388,8067,22754.0983606557
24500,"Larimer",10427,8069,42559.1836734694
2000,"Las Animas",266,8071,13300
10000,"Mesa",6036,8077,60360
200,"Miner",189,46097,94500
200,"Mineral",1356,8079,678000
1100,"Moffat",319,8081,29000
2200,"Montezuma",733,8083,33318.1818181818
3500,"Montrose",1146,8085,32742.8571428571
2100,"Otero",2575,8089,122619.047619048
700,"Ouray",118,8091,16857.1428571429
1200,"Park",1347,56029,112250
850,"Pitkin",513,8097,60352.9411764706
1600,"Prowers",657,8099,41062.5
14500,"Pueblo",8856,8101,61075.8620689655
800,"Blanco",180,48031,22500
800,"Rio Blanco",148,8103,18500
1100,"Rio Grande",1064,8105,96727.2727272727
2100,"Routt",685,8107,32619.0476190476
800,"Saguache",222,8109,27750
100,"San Juan",61,53055,61000
1100,"San Miguel",439,35047,39909.0909090909
700,"Sedgwick",27966,20173,3995142.85714286
1200,"Summit",2271,8117,189250
1600,"Teller",653,8119,40812.5
27000,"Weld",14408,8123,53362.962962963
71500,"Fairfield",1051,9001,1469.93006993007
69000,"Hart",869,13147,1259.42028985507
69000,"Hartford",29049,9003,42100
16500,"Litchfield",4547,9005,27557.5757575758
12500,"Middlesex",172,25017,1376
59000,"New Haven",30143,9009,51089.8305084746
22500,"New London",6148,9011,27324.4444444444
12000,"Tolland",3068,9013,25566.6666666667
9400,"Windham",231,9015,2457.44680851064
13500,"Delaware",20364,42045,150844.444444444
13500,"Kent",25,26081,185.185185185185
43000,"New Castle",20501,10003,47676.7441860465
21000,"Sussex",670,10005,3190.47619047619
49500,"District of Columbia",21685,11001,43808.0808080808
17500,"Alachua",12911,12001,73777.1428571429
17500,"Florida",518,72054,2960
1700,"Baker",286,12003,16823.5294117647
2100,"Bradford",1922,12007,91523.8095238095
34000,"Brevard",15744,12009,46305.8823529412
106000,"Broward",108325,12011,102193.396226415
11000,"Charlotte",285,12015,2590.90909090909
8200,"Citrus",4790,12017,58414.6341463415
21000,"Collier",17911,12021,85290.4761904762
2800,"DeSoto",10409,28033,371750
1200,"Dixie",965,12029,80416.6666666667
54000,"Duval",632,12031,1170.37037037037
6700,"Flagler",2764,12035,41253.7313432836
3500,"Gadsden",3333,12039,95228.5714285714
1900,"Gilchrist",766,12041,40315.7894736842
1100,"Glades",675,12043,61363.6363636364
1400,"Gulf",1068,12045,76285.7142857143
1700,"Hamilton",298,47065,17529.4117647059
2000,"Hardee",1773,12049,88650
1800,"Hendry",2508,12051,139333.333333333
13000,"Hernando",5052,12053,38861.5384615385
6100,"Highland",16,39071,262.295081967213
6100,"Highlands",3802,12055,62327.868852459
92500,"Hill",1232,30041,1331.89189189189
92500,"Hillsborough",9610,12057,10389.1891891892
2100,"Holmes",1509,28051,71857.1428571429
7700,"Indian River",5041,12061,65467.5324675325
19500,"Leon",449,12073,2302.5641025641
3300,"Levy",1422,12075,43090.9090909091
900,"Liberty",2588,13179,287555.555555556
23000,"Manatee",17006,12081,73939.1304347826
9900,"Martin",242,27091,2444.44444444444
154000,"Dade",427,13083,277.272727272727
154000,"Miami",4926,39109,3198.7012987013
154000,"Miami-Dade",231760,12086,150493.506493506
5100,"Nassau",61162,36059,1199254.90196078
14000,"Okaloosa",8992,12091,64228.5714285714
3200,"Okeechobee",2050,12093,64062.5
14000,"Osceola",559,12097,3992.85714285714
95000,"Palm Beach",65934,12099,69404.2105263158
39500,"Pasco",15041,12101,38078.4810126582
67500,"Pine",1416,27115,2097.77777777778
67500,"Pinellas",33246,12103,49253.3333333333
4700,"Putnam",2009,36079,42744.6808510638
13000,"St. John",85,78020,653.846153846154
13000,"St. Johns",8931,12109,68700
13000,"St. Lucie",10875,12111,83653.8461538462
9700,"Santa Rosa",7550,12113,77835.0515463918
27000,"Sarasota",13917,12115,51544.4444444444
27500,"Seminole",1266,12117,4603.63636363636
2200,"Suwannee",3294,12121,149727.272727273
1500,"Taylor",1331,13269,88733.3333333333
34500,"Volusia",16633,12127,48211.5942028986
2000,"Wakulla",1657,12129,82850
4200,"Walton",3400,12131,80952.3809523809
1400,"Appling",1338,13001,95571.4285714286
800,"Atkinson",606,13003,75750
900,"Bacon",756,13005,84000
1700,"Banks",805,13011,47352.9411764706
6300,"Barrow",3532,13013,56063.4920634921
5800,"Bartow",5296,13015,91310.3448275862
1200,"Ben Hill",1029,13017,85750
1700,"Berrien",6964,26021,409647.058823529
1100,"Bleckley",719,13023,65363.6363636364
950,"Brantley",799,13025,84105.2631578947
1200,"Brooks",410,13027,34166.6666666667
2400,"Bryan",2824,13029,117666.666666667
5100,"Bulloch",3780,13031,74117.6470588235
1800,"Burke",179,13033,9944.44444444445
1700,"Butts",1103,13035,64882.3529411765
3600,"Camden",188,34007,5222.22222222222
900,"Candler",622,13043,69111.1111111111
3500,"Catoosa",2157,13047,61628.5714285714
1000,"Charlton",807,13049,80700
19500,"Chatham",2378,37037,12194.8717948718
1300,"Chattahoochee",2030,13053,156153.846153846
2400,"Chattooga",1273,13055,53041.6666666667
14500,"Clayton",1132,13063,7806.89655172414
600,"Clinch",536,13065,89333.3333333333
43500,"Cobb",30530,13067,70183.908045977
3100,"Colquitt",2603,13071,83967.7419354839
1600,"Cook",78,17031,4875
8400,"Coweta",5497,13077,65440.4761904762
1400,"Crisp",942,13081,67285.7142857143
1300,"Dawson",1205,13085,92692.3076923077
2200,"Decatur",964,18031,43818.1818181818
2100,"Dodge",8822,27039,420095.238095238
1400,"Dooly",493,13093,35214.2857142857
6400,"Dougherty",3782,13095,59093.75
1000,"Early",698,13099,69800
350,"Echols",284,13101,81142.8571428571
3900,"Effingham",2860,13103,73333.3333333333
2100,"Emanuel",1433,13107,68238.0952380952
1100,"Evans",558,13109,50727.2727272727
1800,"Fannin",1000,48147,55555.5555555556
6600,"Floyd",352,13115,5333.33333333333
18500,"Forsyth",13538,37067,73178.3783783784
2000,"Gilmer",209,13123,10450
500,"Glascock",81,13125,16200
4700,"Glynn",4355,13127,92659.5744680851
3500,"Gordon",3542,13129,101200
1800,"Grady",2757,40051,153166.666666667
44000,"Gwinnett",40364,13135,91736.3636363636
3700,"Habersham",2403,13137,64945.9459459459
13000,"Hall",83,13139,638.461538461538
850,"Hancock",753,28045,88588.2352941177
1900,"Haralson",1356,13143,71368.4210526316
2500,"Harris",192127,48201,7685080
1400,"Heard",395,13149,28214.2857142857
650,"Irwin",453,13155,69692.3076923077
1200,"Jasper",558,29097,46500
850,"Davis",16705,49011,1965294.11764706
850,"Jeff Davis",72,13161,8470.58823529412
450,"Jenkins",500,13165,111111.111111111
1900,"Jones",1610,28067,84736.8421052632
550,"Lanier",403,13173,73272.7272727273
4200,"Laurens",2512,13175,59809.5238095238
800,"Long",340,13183,42500
1500,"Lumpkin",1313,13187,87533.3333333333
1400,"McDuffie",940,13189,67142.8571428571
750,"McIntosh",849,38051,113200
1700,"Meriwether",800,13199,47058.8235294118
1900,"Mitchell",349,20123,18368.4210526316
2700,"Murray",660,13213,24444.4444444444
13500,"Muscogee",7422,13215,54977.7777777778
3100,"Oconee",3426,13219,110516.129032258
1600,"Ogle",2923,17141,182687.5
1600,"Oglethorpe",572,13221,35750
7200,"Paulding",749,13223,10402.7777777778
1800,"Peach",1090,13225,60555.5555555556
1300,"Pierce",2548,53053,196000
300,"Quitman",500,28119,166666.666666667
1800,"Rabun",601,13241,33388.8888888889
12500,"Rich",46,49033,368
12500,"Richmond",445,13245,3560
4700,"Rock",9936,55105,211404.255319149
4700,"Rockdale",2809,13247,59765.9574468085
650,"Schley",167,13249,25692.3076923077
1500,"Screven",501,13251,33400
3700,"Spalding",2480,13255,67027.027027027
1300,"Stephens",328,13257,25230.7692307692
650,"Stewart",619,13259,95230.7692307692
900,"Talbot",824,24041,91555.5555555556
400,"Taliaferro",41,13265,10250
2800,"Tattnall",1151,13267,41107.1428571429
1300,"Telfair",652,13271,50153.8461538461
1000,"Terrell",26,13273,2600
3500,"Thomas",31,13275,885.714285714286
2800,"Tift",2601,13277,92892.8571428571
1700,"Toombs",1725,13279,101470.588235294
1200,"Towns",586,13281,48833.3333333333
550,"Treutlen",385,13283,70000
4700,"Troup",3973,13285,84531.914893617
600,"Turner",788,13287,131333.333333333
700,"Twiggs",266,13289,38000
2000,"Upson",1545,13293,77250
2500,"Ware",2640,13299,105600
700,"Warren",868,34041,124000
2300,"Wayne",1052,42127,45739.1304347826
300,"Webster",69,22119,23000
800,"Wheeler",239,13309,29875
6400,"Whitfield",7964,13313,124437.5
1000,"Wilkes",2733,13317,273300
1400,"Wilkin",400,27167,28571.4285714286
1400,"Wilkinson",405,28157,28928.5714285714
1700,"Worth",74,13321,4352.94117647059
15500,"Hawaii",1618,15001,10438.7096774194
90500,"Honolulu",15472,15003,17096.1325966851
6800,"Kauai",114,15007,1676.47058823529
14500,"Maui",845,15009,5827.58620689655
24000,"Ida",523,19093,2179.16666666667
24000,"Idaho",797,16049,3320.83333333333
7700,"Bannock",4562,16005,59246.7532467533
1200,"Bear Lake",194,16007,16166.6666666667
1800,"Benewah",287,16009,15944.4444444444
3500,"Bingham",2835,16011,81000
1500,"Blaine",414,16013,27600
950,"Boise",146,16015,15368.4210526316
3700,"Bonner",1009,16017,27270.2702702703
9300,"Bonneville",7822,16019,84107.5268817204
1000,"Boundary",363,16021,36300
250,"Camas",54,16025,21600
13000,"Canyon",15754,16027,121184.615384615
1100,"Caribou",446,16029,40545.4545454545
2600,"Cass",752,31025,28923.0769230769
2600,"Cassia",2170,16031,83461.5384615385
1600,"Clearwater",534,27029,33375
1100,"Gem",1012,16045,92000
1400,"Gooding",961,16047,68642.8571428571
1900,"Jerome",1905,16053,100263.157894737
10500,"Kootenai",7709,16055,73419.0476190476
4100,"Latah",1730,16057,42195.1219512195
800,"Lemhi",433,16059,54125
1300,"Lewis",242,53041,18615.3846153846
1800,"Minidoka",1766,16067,98111.1111111111
4100,"Nez Perce",2342,16069,57121.9512195122
550,"Oneida",2386,36065,433818.181818182
1400,"Owyhee",706,16073,50428.5714285714
1600,"Payette",1667,16075,104187.5
700,"Power",486,16077,69428.5714285714
1900,"Shoshone",526,16079,27684.2105263158
800,"Teton",1655,16081,206875
6000,"Falls",813,48145,13550
6000,"Twin Falls",6891,16083,114850
600,"Valley",191,16085,31833.3333333333
900,"Alexander",1663,37003,184777.777777778
2300,"Bond",1086,17005,47217.3913043478
950,"Brown",23512,55009,2474947.36842105
6900,"Bureau",2163,17011,31347.8260869565
18500,"Champaign",1123,17019,6070.27027027027
4800,"Christian",4214,21047,87791.6666666667
5900,"Clinton",775,17027,13135.593220339
5000,"Cole",6280,29051,125600
5000,"Coles",3369,17029,67380
1700,"Cumberland",161,23005,9470.58823529412
2200,"De Witt",637,17039,28954.5454545455
80500,"DuPage",47179,17043,58607.4534161491
80500,"Page",597,19145,741.614906832298
2500,"Edgar",843,17045,33720
1300,"Edwards",96,20047,7384.61538461539
2400,"Ford",4650,20057,193750
1000,"Gallatin",7499,30031,749900
5500,"Grundy",800,17063,14545.4545454545
700,"Hardin",1625,21093,232142.857142857
1300,"Henderson",2586,21101,198923.076923077
5800,"Iroquois",1744,17075,30068.9655172414
2200,"Jersey",1320,17083,60000
3500,"Davie",1268,37059,36228.5714285714
3500,"Daviess",343,21059,9800
3500,"Jo Daviess",1094,17085,31257.1428571429
33000,"Kane",182,17089,551.515151515152
11500,"Kankakee",8912,17091,77495.652173913
5400,"Kendall",524,17093,9703.7037037037
7000,"Knox",122,47093,1742.85714285714
13500,"LaSalle",906,17099,6711.11111111111
5700,"Livingston",738,36051,12947.3684210526
3700,"McDonough",1609,17109,43486.4864864865
24000,"McHenry",457,17111,1904.16666666667
17000,"Lea",4545,35025,26735.2941176471
17000,"McLean",995,17113,5852.94117647059
6400,"Macoupin",2321,17117,36265.625
2500,"Mason",513,53045,20520
1600,"Massac",610,17127,38125
1900,"Menard",112,17129,5894.73684210526
2900,"Mercer",1374,34021,47379.3103448276
2100,"Moultrie",929,17139,44238.0952380952
17000,"Peoria",9446,17143,55564.7058823529
2500,"Piatt",808,17147,32320
2000,"Richland",903,45079,45150
14000,"Rock Island",8750,17161,62500
19000,"Sangamon",10383,17167,54647.3684210526
950,"Schuyler",320,36097,33684.2105263158
1200,"Stark",10908,39151,909000
5500,"Stephenson",2509,17177,45618.1818181818
13500,"Tazewell",1088,17179,8059.25925925926
9500,"Vermilion",2659,22113,27989.4736842105
1600,"Wabash",1881,18169,117562.5
6300,"Whiteside",3952,17195,62730.1587301587
54000,"Will",40092,17197,74244.4444444445
6600,"Williams",1260,38105,19090.9090909091
6600,"Williamson",14908,47187,225878.787878788
23500,"Winn",995,22127,4234.04255319149
23500,"Winnebago",14435,55139,61425.5319148936
5300,"Woodford",807,17203,15226.4150943396
3400,"Indiana",2624,42063,77176.4705882353
30000,"Allen",5506,18003,18353.3333333333
6200,"Bartholomew",3634,18005,58612.9032258065
1400,"Blackford",612,18009,43714.2857142857
3900,"Dearborn",2450,18029,62820.5128205128
3200,"Dubois",2575,18037,80468.75
14000,"Elk",557,42047,3978.57142857143
14000,"Elkhart",18359,18039,131135.714285714
2400,"Fountain",899,18045,37458.3333333333
3900,"Gibson",3340,47053,85641.0256410256
3100,"Harrison",1463,21097,47193.5483870968
9800,"Hendricks",6996,18063,71387.7551020408
4200,"Hunt",2740,48231,65238.0952380952
4200,"Huntington",1431,18069,34071.4285714286
2600,"Jay",1114,18075,42846.1538461538
1900,"Jennings",1008,18079,53052.6315789474
7700,"Kosciusko",4937,18085,64116.8831168831
3800,"LaGrange",1544,18087,40631.5789473684
10500,"LaPorte",5107,18091,48638.0952380952
4400,"Noble",554,18113,12590.9090909091
700,"Ohio",1613,18115,230428.571428571
2000,"Owen",199,18119,9950
2000,"Parke",677,18121,33850
12500,"Porter",9047,18127,72376
2600,"Posey",1316,18129,50615.3846153846
3100,"Ripley",542,18137,17483.8709677419
1700,"Rush",264,18139,15529.4117647059
24000,"St. Joseph",2652,18141,11050
2700,"Spencer",651,21215,24111.1111111111
2400,"Starke",993,18149,41375
4000,"Steuben",1824,36101,45600
2600,"Sullivan",6787,47163,261038.461538462
1100,"Switzerland",276,18155,25090.9090909091
15000,"Tippecanoe",9651,18157,64340
1500,"Tipton",3794,47167,252933.333333333
14500,"Vanderburgh",10677,18163,73634.4827586207
2100,"Vermillion",707,18165,33666.6666666667
9100,"Vigo",6520,18167,71648.3516483516
4800,"Warrick",3538,18173,73708.3333333333
3000,"Wells",307,18179,10233.3333333333
3300,"Whitley",1564,18183,47393.9393939394
1700,"Adair",1241,19001,73000
1700,"Iowa",1351,55049,79470.5882352941
2100,"Allamakee",850,19005,40476.1904761905
2200,"Appanoose",804,19007,36545.4545454545
1300,"Audubon",301,19009,23153.8461538462
12500,"Black Hawk",11130,19013,89040
4100,"Bremer",1984,19017,48390.243902439
3400,"Buchanan",431,19019,12676.4705882353
3400,"Buena Vista",3092,19021,90941.1764705882
3000,"Cedar",399,19031,13300
4700,"Cerro Gordo",3625,19033,77127.6595744681
2100,"Chickasaw",1094,28017,52095.2380952381
4300,"Des Moines",2920,19057,67906.976744186
2700,"Dickinson",1754,19059,64962.962962963
12000,"Dubuque",9342,19061,77850
1600,"Emmet",1080,26047,67500
2400,"Guthrie",768,19077,32000
2500,"Keokuk",628,19107,25120
3200,"Kossuth",1102,19109,34437.5
18500,"Linn",1469,41043,7940.54054054054
2200,"Louisa",538,51109,24454.5454545455
1300,"Lucas",16462,39095,1266307.69230769
2600,"Lyon",1343,21143,51653.8461538461
3100,"Mahaska",1311,19123,42290.3225806452
2200,"Mills",150,19129,6818.18181818182
1900,"Monona",444,19133,23368.4210526316
4000,"Muscatine",2962,19139,74050
2400,"O'Brien",1320,19141,55000
1900,"Palo Alto",659,19147,34684.2105263158
3700,"Plymouth",14890,25023,402432.432432432
1700,"Pocahontas",216,19151,12705.8823529412
11000,"Pottawattamie",6505,19155,59136.3636363636
2800,"Poweshiek",1010,19157,36071.4285714286
1200,"Ringgold",231,19159,19250
4500,"Sioux",504,19167,11200
10000,"Story",6892,19169,68920
3700,"Tama",1562,19171,42216.2162162162
3700,"Wapello",2585,19179,69864.8648648649
3300,"Winneshiek",1010,19191,30606.0606060606
9600,"Woodbury",10484,19193,109208.333333333
2000,"Wright",782,27171,39100
1000,"Anderson",3190,45007,319000
1800,"Atchison",214,29005,11888.8888888889
1000,"Barber",197,20007,19700
2800,"Barton",634,20009,22642.8571428571
1700,"Bourbon",581,21017,34176.4705882353
600,"Chase",270,20017,45000
850,"Chautauqua",1609,36013,189294.117647059
1500,"Cloud",613,20029,40866.6666666667
2100,"Coffey",309,20031,14714.2857142857
450,"Comanche",493,40031,109555.555555556
4400,"Cowley",1631,20035,37068.1818181818
1700,"Doniphan",516,20043,30352.9411764706
2400,"Ellis",6898,48139,287416.666666667
1400,"Ellsworth",711,20053,50785.7142857143
3300,"Finney",4628,20055,140242.424242424
2500,"Geary",992,20061,39680
1100,"Gove",301,20063,27363.6363636364
1300,"Gray",1303,48179,100230.769230769
300,"Greeley",127,31077,42333.3333333333
1400,"Greenwood",3094,45047,221000
1200,"Harper",238,40059,19833.3333333333
3300,"Harvey",1842,20079,55818.1818181818
750,"Haskell",96,40061,12800
500,"Hodgeman",140,20083,28000
700,"Jewell",110,20089,15714.2857142857
500,"Kearny",381,20093,76200
1500,"Kingman",388,20095,25866.6666666667
2800,"Labette",875,20099,31250
400,"Lane",4441,41039,1110250
6200,"Leavenworth",3817,20103,61564.5161290323
3700,"McPherson",151,20113,4081.08108108108
900,"Meade",1763,46093,195888.888888889
1100,"Morris",278,34027,25272.7272727273
450,"Morton",4069,38059,904222.222222222
1800,"Nemaha",337,31127,18722.2222222222
1900,"Neosho",718,20133,37789.4736842105
850,"Ness",278,20135,32705.8823529412
750,"Norton",1092,20137,145600
3000,"Osage",2014,40113,67133.3333333333
900,"Osborne",91,20141,10111.1111111111
1200,"Ottawa",1769,26139,147416.666666667
800,"Pawnee",604,40117,75500
2800,"Pottawatomie",3682,20149,131500
1300,"Pratt",500,20151,38461.5384615385
650,"Rawlins",239,20153,36769.2307692308
6700,"Reno",5137,20155,76671.6417910448
1100,"Republic",349,20157,31727.2727272727
1800,"Rice",4229,27131,234944.444444444
5700,"Riley",3709,20161,65070.1754385965
1200,"Rooks",368,20163,30666.6666666667
1600,"Seward",886,31159,55375
14500,"Shawnee",7927,20177,54668.9655172414
550,"Sheridan",2026,56033,368363.636363636
500,"Sherman",89,41055,17800
1000,"Smith",9790,48423,979000
1100,"Stafford",3330,51179,302727.272727273
250,"Stanton",227,31167,90800
650,"Stevens",674,53065,103692.307692308
3400,"Sumner",10255,47165,301617.647058823
450,"Trego",225,20195,50000
1500,"Wabaunsee",308,20197,20533.3333333333
400,"Wallace",138,20199,34500
300,"Wichita",7299,48485,2433000
1500,"Wilson",1138,37195,75866.6666666667
700,"Woods",546,40151,78000
700,"Woodson",69,20207,9857.14285714286
14000,"Wyandot",832,39175,5942.85714285714
14000,"Wyandotte",11528,20209,82342.8571428571
1200,"Ballard",156,21007,13000
3200,"Barren",2069,21009,64656.25
1300,"Bath",65,21011,5000
2100,"Bell",8752,48027,416761.904761905
4000,"Boyd",138,21019,3450
3100,"Boyle",1027,21021,33129.0322580645
1200,"Bracken",161,21023,13416.6666666667
1700,"Breathitt",374,21025,22000
2100,"Breckinridge",448,21027,21333.3333333333
6700,"Bullitt",2953,21029,44074.6268656716
950,"Caldwell",1880,37027,197894.736842105
3100,"Calloway",1776,21035,57290.3225806452
8600,"Camp",451,48063,5244.18604651163
8600,"Campbell",3070,47013,35697.6744186046
850,"Carlisle",207,21039,24352.9411764706
2100,"Carter",2905,40019,138333.333333333
1500,"Casey",653,21045,43533.3333333333
1100,"Edmonson",400,21061,36363.6363636364
800,"Elliott",645,21063,80625
1300,"Estill",484,21065,37230.7692307692
1500,"Fleming",358,21069,23866.6666666667
1400,"Garrard",631,21079,45071.4285714286
2900,"Graves",1887,21083,65068.9655172414
2200,"Grayson",531,48181,24136.3636363636
3800,"Greenup",1470,21089,38684.2105263158
3000,"Harlan",141,21095,4700
500,"Hickman",1226,47081,245200
4500,"Hopkins",834,48223,18533.3333333333
3400,"Jessamine",1868,21113,54941.1764705882
13000,"Kenton",5798,21117,44600
1600,"Knott",573,21119,35812.5
1200,"Larue",622,21123,51833.3333333333
4000,"Laurel",2524,21125,63100
750,"Leslie",292,21131,38933.3333333333
1800,"Letcher",537,21133,29833.3333333333
4400,"McCracken",2987,21145,67886.3636363636
1100,"McCreary",572,21147,52000
1100,"Magoffin",521,21153,47363.6363636364
700,"Menifee",135,21165,19285.7142857143
950,"Metcalfe",397,21169,41789.4736842105
2700,"Muhlenberg",1444,21177,53481.4814814815
3400,"Nelson",188,21179,5529.41176470588
800,"Nicholas",371,21181,46375
7300,"Oldham",45,48359,616.438356164384
500,"Owsley",238,21189,47600
1100,"Pendleton",109,21191,9909.09090909091
1000,"Powell",711,21197,71100
400,"Roberts",29,46109,7250
400,"Robertson",519,47147,129750
1600,"Rockcastle",534,21203,33375
1600,"Rowan",5794,37159,362125
1300,"Simpson",1526,28127,117384.615384615
1300,"Todd",963,46121,74076.9230769231
1000,"Trigg",421,21221,42100
750,"Trimble",184,21223,24533.3333333333
500,"Wolfe",196,21237,39200
3700,"Acadia",4029,22001,108891.891891892
5600,"Ascension",5837,22005,104232.142857143
1400,"Assumption",1029,22007,73500
3400,"Avoyelles",2142,22009,63000
4200,"Beauregard",1399,22011,33309.5238095238
1700,"Bienville",787,22013,46294.1176470588
7200,"Bossier",6410,22015,89027.7777777778
15500,"Caddo",1949,22017,12574.1935483871
12000,"Calcasieu",10730,22019,89416.6666666667
500,"Cameron",26290,48061,5258000
1000,"Catahoula",644,22025,64400
1700,"Claiborne",933,22027,54882.3529411765
1700,"Concordia",1031,22029,60647.0588235294
2600,"De Soto",1283,22031,49346.1538461538
24500,"East Baton Rouge",20385,22033,83204.0816326531
800,"East Carroll",761,22035,95125
2300,"East Feliciana",2161,22037,93956.5217391304
2500,"Evangeline",1976,22039,79040
4100,"Iberia",3772,22045,92000
2800,"Iberville",2050,22047,73214.2857142857
2400,"Jefferson Davis",590,22053,24583.3333333333
7200,"Lafourche",4852,22057,67388.8888888889
2000,"Morehouse",1440,22067,72000
3600,"Natchitoches",2088,22069,58000
35500,"Orleans",143,22071,402.816901408451
1500,"Plaquemines",1180,22075,78666.6666666667
1800,"Pointe Coupee",1393,22077,77388.8888888889
9100,"Rapides",6425,22079,70604.3956043956
800,"Red River",227,22081,28375
3400,"Sabine",122,22085,3588.23529411765
3800,"St. Bernard",1853,22087,48763.1578947368
3500,"Charles",4436,24017,126742.857142857
3500,"St. Charles",22134,22089,632400
700,"St. Helena",515,22091,73571.4285714286
1700,"St. James",1002,22093,58941.1764705882
2600,"St. John the Baptist",2022,22095,77769.2307692308
5900,"St. Landry",5184,22097,87864.406779661
3300,"St. Martin",2796,22099,84727.2727272727
4000,"St. Mary",2389,22101,59725
15000,"St. Tammany",10678,22103,71186.6666666667
6600,"Tangipahoa",6834,22105,103545.454545455
550,"Tensas",221,22107,40181.8181818182
5700,"Terrebonne",4592,22109,80561.4035087719
7800,"Vernon",1167,22115,14961.5384615385
1700,"West Baton Rouge",1389,22121,81705.8823529412
1300,"West Carroll",681,22123,52384.6153846154
1200,"West Feliciana",793,22125,66083.3333333333
9000,"Androscoggin",1593,23001,17700
12000,"Aroostook",146,23003,1216.66666666667
11000,"Kennebec",818,23011,7436.36363636364
7600,"Oxford",350,23017,4605.26315789474
17000,"Penobscot",909,23019,5347.05882352941
3000,"Piscataquis",46,23021,1533.33333333333
3100,"Sagadahoc",156,23023,5032.25806451613
6100,"Somerset",1976,34035,32393.4426229508
6700,"Waldo",231,23027,3447.76119402985
15000,"York",929,51199,6193.33333333333
7600,"Allegan",4151,26005,54618.4210526316
7600,"Allegany",1058,36003,13921.0526315789
37000,"Anne Arundel",16931,24003,45759.4594594595
64000,"Baltimore",29670,24005,46359.375
6400,"Calvert",1612,24009,25187.5
3700,"Caroline",634,24011,17135.1351351351
7300,"Cecil",2158,24015,29561.6438356164
3300,"Dorchester",5910,45035,179090.909090909
22500,"Frederick",2266,24021,10071.1111111111
3500,"Garrett",788,24023,22514.2857142857
19000,"Harford",6164,24025,32442.1052631579
68500,"George",1283,28039,1872.99270072993
68500,"Prince George",1438,51149,2099.2700729927
68500,"Prince George's",42072,24033,61418.9781021898
4500,"Queen Anne's",1109,24035,24644.4444444444
7200,"St. Mary's",2174,24037,30194.4444444444
7500,"Wicomico",3462,24045,46160
4300,"Worcester",25146,25027,584790.697674419
45500,"Baltimore city",24782,24510,54465.9340659341
16500,"Barnstable",3129,25001,18963.6363636364
14000,"Berks",14065,42011,100464.285714286
14000,"Berkshire",1645,25003,11750
1200,"Dukes",279,25007,23250
55500,"Essex",255,25009,459.459459459459
33500,"Hampden",16457,25013,49125.3731343284
15000,"Hampshire",353,25015,2353.33333333333
1000,"Nantucket",309,25019,30900
50000,"Norfolk",16359,25021,32718
57000,"Suffolk",61681,25025,108212.280701754
3100,"Alcona",198,26001,6387.09677419355
1900,"Alger",254,26003,13368.4210526316
4300,"Alpena",719,26007,16720.9302325581
5200,"Antrim",475,26009,9134.61538461538
4700,"Arenac",459,26011,9765.95744680851
1900,"Baraga",489,26013,25736.8421052632
6900,"Barry",1472,26015,21333.3333333333
3400,"Benzie",445,26019,13088.2352941176
7300,"Branch",3158,26023,43260.2739726027
6200,"Charlevoix",691,26029,11145.1612903226
5100,"Cheboygan",519,26031,10176.4705882353
6400,"Chippewa",4846,55017,75718.75
5400,"Clare",789,26035,14611.1111111111
13000,"Eaton",3254,26045,25030.7692307692
34000,"Genesee",1076,26049,3164.70588235294
5400,"Gladwin",855,26051,15833.3333333333
2700,"Gogebic",799,26053,29592.5925925926
7800,"Grand Traverse",2000,26055,25641.0256410256
7800,"Traverse",150,27155,1923.07692307692
7800,"Gratiot",1681,26057,21551.2820512821
9300,"Hillsdale",1721,26059,18505.376344086
5500,"Houghton",1558,26061,28327.2727272727
9200,"Huron",1781,39077,19358.6956521739
27000,"Ingham",9323,26065,34529.6296296296
9500,"Ionia",3241,26067,34115.7894736842
4900,"Iosco",798,26069,16285.7142857143
2700,"Iron",426,49021,15777.7777777778
10500,"Isabella",2568,26073,24457.1428571429
22500,"Kalamazoo",9718,26077,43191.1111111111
3900,"Kalkaska",377,26079,9666.66666666667
650,"Keweenaw",71,26083,10923.0769230769
10500,"Lapeer",2957,26087,28161.9047619048
4000,"Leelanau",386,26089,9650
13500,"Lenawee",3420,26091,25333.3333333333
1400,"Luce",586,26095,41857.1428571429
2500,"Mackinac",296,26097,11840
69500,"Macomb",38600,26099,55539.5683453237
5100,"Manistee",399,26101,7823.52941176471
9300,"Marquette",1157,26103,12440.8602150538
6900,"Mecosta",1279,26107,18536.231884058
5100,"Menominee",565,55078,11078.431372549
9600,"Midland",7810,26111,81354.1666666667
4400,"Missaukee",296,26113,6727.27272727273
9600,"Montcalm",2054,26117,21395.8333333333
2200,"Montmorency",196,26119,8909.09090909091
17500,"Muskegon",8602,26121,49154.2857142857
9400,"Newaygo",1652,26123,17574.4680851064
111000,"Oakland",47475,26125,42770.2702702703
6300,"Ocean",22345,34029,354682.53968254
6300,"Oceana",1222,26127,19396.8253968254
4900,"Ogemaw",551,26129,11244.8979591837
1700,"Ontonagon",280,26131,16470.5882352941
1600,"Oscoda",190,26135,11875
3600,"Otsego",649,26137,18027.7777777778
4100,"Presque Isle",293,26141,7146.34146341463
3400,"Roscommon",656,26143,19294.1176470588
20500,"Saginaw",8795,26145,42902.4390243902
10500,"Sanilac",863,26151,8219.04761904762
1600,"Schoolcraft",175,26153,10937.5
9300,"Shiawassee",2053,26155,22075.2688172043
10000,"Tuscola",1796,26157,17960
34500,"Washtenaw",10887,26161,31556.5217391304
5900,"Wexford",686,26165,11627.1186440678
5200,"Aitkin",788,27001,15153.8461538462
31500,"Anoka",22841,27003,72511.1111111111
10000,"Becker",2116,27005,21160
8400,"Beltrami",2235,27007,26607.1428571429
1500,"Big Stone",328,27011,21866.6666666667
11000,"Blue Earth",4213,27013,38300
7500,"Carlton",1935,27017,25800
12000,"Carver",4927,27019,41058.3333333333
8100,"Chisago",3204,27025,39555.5555555556
2700,"Cotton",253,40033,9370.37037037037
2700,"Cottonwood",908,27033,33629.6296296296
11500,"Crow Wing",3712,27035,32278.2608695652
38500,"Dakota",3243,27037,8423.37662337662
4800,"Faribault",580,27043,12083.3333333333
7100,"Fillmore",340,27045,4788.7323943662
6800,"Freeborn",1564,27047,23000
9700,"Goodhue",2123,27049,21886.5979381443
104000,"Hennepin",67913,27053,65300.9615384615
6300,"Hubbard",1171,27057,18587.3015873016
6300,"Isanti",1963,27059,31158.7301587302
9500,"Itasca",1971,27061,20747.3684210526
4700,"Kanabec",658,27065,14000
9400,"Kandiyohi",4285,27067,45585.1063829787
1400,"Kittson",233,27069,16642.8571428571
1900,"Koochiching",405,27071,21315.7894736842
2400,"Lac qui Parle",396,27073,16500
500,"Lake of the Woods",102,27077,20400
6100,"Le Sueur",1501,27079,24606.5573770492
6900,"McLeod",2213,27085,32072.4637681159
2400,"Mahnomen",307,27087,12791.6666666667
6800,"Meeker",1356,27093,19941.1764705882
6500,"Mille Lacs",1588,27095,24430.7692307692
10500,"Morrison",2378,27097,22647.619047619
8000,"Mower",2674,27099,33425
5000,"Nicollet",1655,27103,33100
5100,"Nobles",3117,27105,61117.6470588235
2600,"Norman",357,27107,13730.7692307692
17500,"Olmsted",6905,27109,39457.1428571429
16500,"Otter Tail",3263,27111,19775.7575757576
2500,"Pennington",8733,46103,349320
2600,"Pipestone",743,27117,28576.9230769231
46000,"Ramsey",1188,27123,2582.60869565217
1400,"Red Lake",222,27125,15857.1428571429
5700,"Redwood",996,27127,17473.6842105263
5300,"Renville",254,27129,4792.45283018868
4600,"Roseau",1223,27135,26586.9565217391
32000,"St. Louis",52421,29189,163815.625
7700,"Sherburne",6082,27141,78987.012987013
5100,"Sibley",809,27143,15862.7450980392
24000,"Stearns",14131,27145,58879.1666666667
6200,"Steele",135,27147,2177.41935483871
3100,"Swift",606,27151,19548.3870967742
5200,"Wabasha",1087,27157,20903.8461538462
4100,"Wadena",831,27159,20268.2926829268
4100,"Waseca",1406,27161,34292.6829268293
2300,"Watonwan",871,27165,37869.5652173913
8700,"Winona",2881,27169,33114.9425287356
3200,"Yellow Medicine",668,27173,20875
2600,"Alcorn",1556,28003,59846.1538461539
900,"Amite",566,28005,62888.8888888889
1500,"Attala",1193,28007,79533.3333333333
3300,"Bolivar",2443,28011,74030.303030303
2100,"Coahoma",1527,28027,72714.2857142857
2200,"Copiah",1679,28029,76318.1818181818
4400,"Forrest",3897,28035,88568.1818181818
1100,"Grenada",1433,28043,130272.727272727
16500,"Hinds",10279,28049,62296.9696969697
950,"Humphreys",750,28053,78947.3684210526
200,"Issaquena",120,28055,60000
1900,"Itawamba",1576,28057,82947.3684210526
750,"Kemper",450,28069,60000
1600,"Leake",1397,28079,87312.5
2400,"Leflore",2085,28083,86875
2100,"Neshoba",2249,28099,107095.238095238
850,"Noxubee",727,28103,85529.4117647059
3100,"Oktibbeha",2523,28105,81387.0967741935
2000,"Panola",547,28107,27350
2900,"Pearl River",1553,28109,53551.724137931
2300,"Pontotoc",2030,28115,88260.8695652174
1700,"Prentiss",1513,28117,89000
9200,"Rankin",5887,28121,63989.1304347826
450,"Sharkey",324,28125,72000
3000,"Sunflower",1926,28133,64200
1300,"Tallahatchie",981,28135,75461.5384615385
2000,"Tate",1777,28137,88850
1600,"Tippah",1284,28139,80250
1500,"Tishomingo",1124,28141,74933.3333333333
650,"Tunica",626,28143,96307.6923076923
850,"Walthall",776,28147,91294.1176470588
1000,"Yalobusha",731,28161,73100
2000,"Yazoo",1601,28163,80050
2400,"Andrew",831,29003,34625
2800,"Audrain",1364,29007,48714.2857142857
2800,"Bates",555,29013,19821.4285714286
1400,"Bollinger",807,29017,57642.8571428571
3700,"Callaway",2877,29027,77756.7567567568
6400,"Cape Girardeau",5773,29031,90203.125
1600,"Chariton",243,29041,15187.5
3600,"Cooper",1173,29053,32583.3333333333
1600,"Dent",528,29065,33000
3600,"Dunklin",1720,29069,47777.7777777778
2200,"Gasconade",492,29073,22363.6363636364
1400,"Gentry",421,29075,30071.4285714286
1100,"Hickory",374,29085,34000
1400,"Holt",533,29087,38071.4285714286
3600,"Howell",1602,29091,44500
2700,"Laclede",1842,29105,68222.2222222222
2500,"McDonald",1622,29119,64880
950,"Maries",373,29125,39263.1578947368
2500,"Moniteau",1244,29135,49760
2300,"New Madrid",1377,29143,59869.5652173913
4000,"Nodaway",2013,29147,50325
1200,"Oregon",386,29149,32166.6666666667
1300,"Ozark",297,29153,22846.1538461538
2400,"Pemiscot",1103,29155,45958.3333333333
5100,"Pettis",3304,29159,64784.3137254902
3700,"Phelps",562,31137,15189.1891891892
8700,"Platte",337,29165,3873.5632183908
1400,"Ralls",487,29173,34785.7142857143
3300,"Ray",719,29177,21787.8787878788
950,"Reynolds",294,29179,30947.3684210526
1600,"Ste. Genevieve",1095,29186,68437.5
5100,"St. Francois",5155,29187,101078.431372549
750,"Scotland",1978,37165,263733.333333333
950,"Shannon",340,29203,35789.4736842105
3500,"Stoddard",1666,29207,47600
4900,"Taney",2929,29213,59775.5102040816
2500,"Texas",2416,40139,96640
23500,"St. Louis city",13188,29510,56119.1489361702
1300,"Beaver",162,42007,12461.5384615385
1300,"Beaverhead",577,30001,44384.6153846154
2200,"Big Horn",513,30003,23318.1818181818
600,"Broadwater",197,30007,32833.3333333333
1800,"Carbon",712,56007,39555.5555555556
8100,"Cascade",5166,30013,63777.7777777778
1500,"Chouteau",276,30015,18400
350,"Daniels",122,30019,34857.1428571429
950,"Deer Lodge",732,30023,77052.6315789474
400,"Fallon",248,30025,62000
1700,"Fergus",644,30027,37882.3529411765
8300,"Flathead",6884,30029,82939.7590361446
1400,"Glacier",1179,30035,84214.2857142857
300,"Golden Valley",160,30037,53333.3333333333
550,"Granite",127,30039,23090.9090909091
600,"Judith Basin",60,30045,10000
5600,"Lewis and Clark",2929,30049,52303.5714285714
350,"McCone",100,30055,28571.4285714286
300,"Meagher",109,30059,36333.3333333333
8000,"Missoula",4803,30063,60037.5
600,"Musselshell",219,30065,36500
150,"Petroleum",8,30069,5333.33333333333
1300,"Pondera",309,30073,23769.2307692308
400,"Powder River",90,30075,22500
3400,"Ravalli",1576,30081,46352.9411764706
1800,"Roosevelt",1015,30085,56388.8888888889
1200,"Rosebud",881,30087,73416.6666666667
1800,"Sanders",256,30089,14222.2222222222
3000,"Silver Bow",2227,30093,74233.3333333333
1500,"Stillwater",446,30095,29733.3333333333
750,"Sweet Grass",256,30097,34133.3333333333
850,"Toole",599,30101,70470.5882352941
300,"Treasure",30,30103,10000
450,"Wheatland",104,30107,23111.1111111111
250,"Wibaux",89,30109,35600
13000,"Yellowstone",11144,30111,85723.0769230769
1700,"Antelope",337,31003,19823.5294117647
250,"Arthur",16,31005,6400
200,"Banner",16,31007,8000
1100,"Box Butte",649,31013,59000
6100,"Buffalo",833,31019,13655.737704918
1700,"Burt",440,31021,25882.3529411765
850,"Cherry",189,31031,22235.2941176471
1300,"Colfax",248,31037,19076.9230769231
1500,"Cuming",607,31039,40466.6666666667
950,"Dawes",465,31045,48947.3684210526
550,"Deuel",311,46039,56545.4545454545
1600,"Dixon",408,31051,25500
400,"Dundy",65,31057,16250
900,"Frontier",113,31063,12555.5555555556
1200,"Furnas",273,31065,22750
3500,"Gage",1345,31067,38428.5714285714
450,"Garden",82,31069,18222.2222222222
450,"Gosper",107,31073,23777.7777777778
250,"Hayes",43,31085,17200
850,"Hitchcock",106,31087,12470.5882352941
200,"Hooker",45,31091,22500
1100,"Kearney",492,31099,44727.2727272727
1300,"Keith",397,31101,30538.4615384615
250,"Keya Paha",22,31103,8800
600,"Kimball",177,31105,29500
27500,"Lancaster",244,45057,887.272727272727
250,"Loup",31,31115,12400
1500,"Merrick",476,31121,31733.3333333333
850,"Morrill",346,31123,40705.8823529412
750,"Nance",293,31125,39066.6666666667
950,"Nuckolls",222,31129,23368.4210526316
2300,"Otoe",773,31131,33608.6956521739
700,"Perkins",205,46105,29285.7142857143
1200,"Red Willow",624,31145,52000
1200,"Richardson",373,31147,31083.3333333333
16000,"Sarpy",11825,31153,73906.25
3800,"Saunders",1310,31155,34473.6842105263
3800,"Scotts Bluff",2691,31157,70815.7894736842
1500,"Thayer",263,31169,17533.3333333333
2500,"Thurston",3281,53067,131240
2100,"Churchill",864,32001,41142.8571428571
3800,"Elko",2851,32007,75026.3157894737
200,"Esmeralda",10,32009,5000
150,"Eureka",22,32011,14666.6666666667
350,"Lander",228,32015,65142.8571428571
2300,"Nye",1349,32023,58652.1739130435
800,"Pershing",92,32027,11500
350,"Storey",58,32029,16571.4285714286
33000,"Washoe",25469,32031,77178.7878787879
1100,"White Pine",340,32033,30909.0909090909
4500,"Carson City",2584,32510,57422.2222222222
4600,"Belknap",775,33001,16847.8260869565
8500,"Cheshire",586,33005,6894.11764705882
11000,"Grafton",553,33009,5027.27272727273
15000,"Merrimack",1973,33013,13153.3333333333
24000,"Rockingham",2293,33015,9554.16666666667
9700,"Strafford",1649,33017,17000
20500,"Atlantic",8136,34001,39687.8048780488
67000,"Bergen",35577,34003,53100
38500,"Burlington",14061,34005,36522.0779220779
9800,"Cape May",1694,34009,17285.7142857143
23000,"Gloucester",514,34015,2234.78260869565
45500,"Hudson",32192,34017,70751.6483516484
12000,"Hunterdon",2589,34019,21575
49000,"Monmouth",21053,34025,42965.306122449
33000,"Passaic",30720,34031,93090.9090909091
6900,"Salem",1668,34033,24173.9130434783
43500,"Bernalillo",27678,35001,63627.5862068965
250,"Catron",37,35003,14800
4700,"Chaves",5067,35005,107808.510638298
2800,"Cibola",2143,35006,76535.7142857143
3800,"Curry",143,35009,3763.15789473684
250,"De Baca",44,35011,17600
12000,"Do√±a Ana",13862,35013,115516.666666667
3400,"Eddy",364,35015,10705.8823529412
350,"Guadalupe",4282,48187,1223428.57142857
200,"Harding",75,35021,37500
600,"Hidalgo",43488,48215,7248000
1300,"Los Alamos",155,35028,11923.0769230769
1600,"Luna",1976,35029,123500
11500,"McKinley",7225,35031,62826.0869565217
300,"Mora",36,35033,12000
750,"Quay",254,35037,33866.6666666667
4500,"Rio Arriba",1364,35039,30311.1111111111
13500,"Sandoval",5394,35043,39955.5555555556
16000,"Santa Fe",5445,35049,34031.25
1000,"Socorro",640,35053,64000
3000,"Taos",851,35055,28366.6666666667
1200,"Torrance",368,35057,30666.6666666667
4800,"Valencia",3337,35061,69520.8333333333
24000,"Albany",3120,36001,13000
18000,"Broome",5448,36007,30266.6666666667
14500,"Cattaraugus",1164,36009,8027.58620689655
12000,"Cayuga",917,36011,7641.66666666667
8400,"Chemung",3109,36015,37011.9047619048
7700,"Chenango",649,36017,8428.57142857143
7000,"Cortland",1082,36023,15457.1428571429
26000,"Dutchess",7354,36027,28284.6153846154
72000,"Erie",5620,36029,7805.55555555556
8000,"Herkimer",731,36043,9137.5
17500,"Niagara",4019,36063,22965.7142857143
44000,"Onondaga",10995,36067,24988.6363636364
11000,"Ontario",1354,36069,12309.0909090909
13000,"Oswego",1684,36075,12953.8461538462
14000,"Rensselaer",1795,36083,12821.4285714286
26000,"Rockland",21845,36087,84019.2307692308
15000,"St. Lawrence",874,36089,5826.66666666667
19000,"Saratoga",2370,36091,12473.6842105263
12000,"Schenectady",2555,36093,21291.6666666667
5300,"Schoharie",208,36095,3924.52830188679
5700,"Seneca",2032,39147,35649.1228070175
5300,"Tioga",1044,36107,19698.1132075472
9300,"Tompkins",1139,36109,12247.311827957
15000,"Ulster",3434,36111,22893.3333333333
71000,"Westchester",51219,36119,72139.4366197183
6600,"Wyoming",756,36121,11454.5454545455
4000,"Yates",269,36123,6725
14500,"Alamance",7249,37001,49993.1034482759
14500,"Carolina",5240,72031,36137.9310344828
1100,"Alleghany",340,37005,30909.0909090909
2100,"Anson",941,37007,44809.5238095238
2100,"Ashe",795,37009,37857.1428571429
2100,"Avery",977,37011,46523.8095238095
3800,"Beaufort",7195,45013,189342.105263158
1800,"Bertie",905,37015,50277.7777777778
2400,"Bladen",1353,37017,56375
10000,"Brunswick",474,37019,4740
17000,"Buncombe",5713,37021,33605.8823529412
12500,"Cabarrus",7116,37025,56928
8300,"Carteret",1756,37031,21156.6265060241
1900,"Caswell",854,37033,44947.3684210526
11000,"Catawba",7052,37035,64109.0909090909
800,"Chowan",644,37041,80500
4800,"Columbus",2766,37047,57625
7200,"Craven",3157,37049,43847.2222222222
1900,"Currituck",332,37053,17473.6842105263
3000,"Dare",654,37055,21800
11000,"Davidson",47160,47037,428727.272727273
3800,"Duplin",3384,37061,89052.6315789474
18500,"Durham",11559,37063,62481.0810810811
3800,"Edgecombe",2567,37065,67552.6315789474
18500,"Gaston",10373,37071,56070.2702702703
950,"Gates",220,37073,23157.8947368421
4300,"Granville",2536,37077,58976.7441860465
37000,"Guilford",16987,37081,45910.8108108108
4500,"Halifax",825,51083,18333.3333333333
14000,"Harnett",4044,37085,28885.7142857143
4700,"Haywood",1665,47075,35425.5319148936
4000,"Hertford",993,37091,24825
3400,"Hoke",1979,37093,58205.8823529412
14500,"Iredell",5675,37097,39137.9310344828
10000,"Johnston",536,37101,5360
3900,"Lenoir",2187,37107,56076.9230769231
3000,"McDowell",629,37111,20966.6666666667
71000,"Mecklenburg",1012,37119,1425.35211267606
6400,"Moore",1631,37125,25484.375
6200,"Nash",4474,37127,72161.2903225806
14000,"Hanover",2473,51085,17664.2857142857
14000,"New Hanover",7076,37129,50542.8571428571
2100,"Northampton",351,42095,16714.2857142857
11500,"Onslow",5445,37133,47347.8260869565
1900,"Pamlico",406,37137,21368.4210526316
3000,"Pasquotank",1122,37139,37400
4600,"Pender",1919,37141,41717.3913043478
1100,"Perquimans",352,37143,32000
3100,"Person",1011,37145,32612.9032258065
10500,"Pitt",7977,37147,75971.4285714286
13500,"Robeson",7425,37155,55000
4500,"Rutherford",18613,47149,413622.222222222
5600,"Sampson",3710,37163,66250
5900,"Stanly",3013,37167,51067.7966101695
2800,"Stokes",1179,37169,42107.1428571429
6700,"Surry",177,37171,2641.79104477612
1200,"Swain",398,37173,33166.6666666667
2300,"Transylvania",561,37175,24391.3043478261
450,"Tyrrell",140,37177,31111.1111111111
2700,"Vance",1799,37181,66629.6296296296
68500,"Wake",29779,37183,43472.9927007299
5100,"Watauga",1916,37189,37568.6274509804
3100,"Yadkin",1563,37197,50419.3548387097
1600,"Yancey",568,37199,35500
1900,"Barnes",1043,38003,54894.7368421053
2100,"Benson",779,38005,37095.2380952381
250,"Billings",41,38007,16400
1500,"Bottineau",554,38009,36933.3333333333
700,"Bowman",188,38011,26857.1428571429
8700,"Burleigh",12036,38015,138344.827586207
800,"Cavalier",377,38019,47125
950,"Dickey",545,38021,57368.4210526316
300,"Divide",126,38023,42000
900,"Dunn",2945,55033,327222.222222222
1000,"Emmons",349,38029,34900
700,"Foster",497,38031,71000
8500,"Grand Forks",8179,38035,96223.5294117647
550,"Griggs",259,38039,47090.9090909091
700,"Hettinger",242,38041,34571.4285714286
700,"Kidder",217,38043,31000
1400,"LaMoure",380,38045,27142.8571428571
1300,"McKenzie",891,38053,68538.4615384615
1400,"Mountrail",1066,38061,76142.8571428571
400,"Oliver",126,38065,31500
2000,"Pembina",633,38067,31650
1100,"Ransom",457,38073,41545.4545454545
1900,"Rolette",1445,38079,76052.6315789474
1300,"Sargent",318,38081,24461.5384615385
3000,"Stutsman",2631,38093,87700
550,"Towner",215,38095,39090.9090909091
2000,"Traill",752,38097,37600
2500,"Walsh",1452,38099,58080
6500,"Ward",425,38101,6538.46153846154
5500,"Ashland",707,39005,12854.5454545455
9200,"Ashtabula",2630,39007,28586.9565217391
6900,"Athens",2129,39009,30855.0724637681
5900,"Auglaize",2554,39011,43288.1355932203
7300,"Belmont",1923,39013,26342.4657534247
15500,"Clermont",6799,39025,43864.5161290323
9100,"Columbiana",3952,39029,43428.5714285714
3700,"Coshocton",972,39031,26270.2702702703
111000,"Cuyahoga",42270,39035,38081.0810810811
6800,"Darke",2676,39037,39352.9411764706
3600,"Defiance",1626,39039,45166.6666666667
2600,"Gallia",880,39053,33846.1538461539
8700,"Geauga",2511,39055,28862.0689655172
4300,"Guernsey",1077,39059,25046.511627907
2700,"Hocking",759,39073,28111.1111111111
13500,"Licking",6319,39089,46807.4074074074
25000,"Lorain",7854,39093,31416
20500,"Mahoning",8647,39099,42180.487804878
15000,"Medina",1531,39103,10206.6666666667
2500,"Meigs",516,47121,20640
2700,"Morrow",664,41049,24592.5925925926
7500,"Muskingum",2876,39119,38346.6666666667
5400,"Pickaway",4313,39129,79870.3703703704
13000,"Portage",4930,39133,37923.0769230769
5400,"Preble",1740,39135,32222.2222222222
6600,"Ross",2677,39141,40560.6060606061
5800,"Sandusky",1812,39143,31241.3793103448
6100,"Scioto",2245,39145,36803.2786885246
17500,"Trumbull",6413,39155,36645.7142857143
8800,"Tuscarawas",3920,39157,44545.4545454545
3700,"Van Wert",1079,39161,29162.1621621622
1500,"Vinton",272,39163,18133.3333333333
4300,"Oklahoma",40803,40109,948906.976744186
1600,"Alfalfa",395,40003,24687.5
3500,"Atoka",858,40005,24514.2857142857
1600,"Beckham",1398,40009,87375
11500,"Canadian",7075,40017,61521.7391304348
550,"Cimarron",80,40025,14545.4545454545
1500,"Coal",322,40029,21466.6666666667
950,"Dewey",885,40043,93157.8947368421
4900,"Garvin",1619,40049,33040.8163265306
900,"Greer",277,40055,30777.7777777778
550,"Harmon",108,40057,19636.3636363636
2900,"Hughes",1657,46065,57137.9310344828
8300,"Kay",1899,40071,22879.5180722892
1600,"Kingfisher",915,40073,57187.5
2100,"Latimer",312,40077,14857.1428571429
9200,"Le Flore",2467,40079,26815.2173913043
1700,"Love",613,40085,36058.8235294118
4400,"McClain",2505,40087,56931.8181818182
6100,"McCurtain",2302,40089,37737.7049180328
1600,"Major",524,40093,32750
6400,"Mayes",1661,40097,25953.125
9000,"Muskogee",4340,40101,48222.2222222222
2200,"Nowata",424,40105,19272.7272727273
2600,"Okfuskee",1051,40107,40423.0769230769
6000,"Okmulgee",1825,40111,30416.6666666667
7400,"Payne",4285,40119,57905.4054054054
8000,"Pittsburg",1926,40121,24075
2700,"Pushmataha",423,40127,15666.6666666667
800,"Roger Mills",170,40129,21250
13000,"Rogers",4186,40131,32200
6000,"Sequoyah",1834,40135,30566.6666666667
1300,"Tillman",350,40141,26923.0769230769
71500,"Tulsa",33863,40143,47360.8391608392
10000,"Wagoner",2857,40145,28570
2100,"Washita",446,40149,21238.0952380952
2100,"Woodward",1943,40153,92523.8095238095
28500,"Clackamas",6548,41005,22975.4385964912
3600,"Clatsop",368,41007,10222.2222222222
1400,"Crook",308,41013,22000
9400,"Deschutes",2480,41017,26382.9787234043
400,"Gilliam",23,41021,5750
1100,"Harney",102,41025,9272.72727272727
1600,"Hood",1622,48221,101375
1600,"Hood River",414,41027,25875
5200,"Josephine",567,41033,10903.8461538462
5500,"Klamath",910,41035,16545.4545454545
3900,"Malheur",2419,41045,62025.641025641
58000,"Multnomah",17825,41051,30732.7586206897
2700,"Tillamook",139,41057,5148.14814814815
6800,"Umatilla",4402,41059,64735.2941176471
1100,"Wallowa",71,41063,6454.54545454545
3000,"Wasco",538,41065,17933.3333333333
8100,"Yamhill",1768,41071,21827.1604938272
112000,"Allegheny",29007,42003,25899.1071428571
11500,"Armstrong",53,42005,460.869565217391
10500,"Bedford",1877,51019,17876.1904761905
13500,"Blair",4412,42013,32681.4814814815
53500,"Bucks",17936,42017,33525.2336448598
22500,"Cambria",4706,42021,20915.5555555556
16500,"Centre",6398,42027,38775.7575757576
47000,"Chester",1044,42029,2221.27659574468
9100,"Clarion",1025,42031,11263.7362637363
13500,"Clearfield",1775,42033,13148.1481481481
24500,"Dauphin",7889,42043,32200
1800,"Forest",775,42053,43055.5555555556
11000,"Huntingdon",1767,42061,16063.6363636364
4700,"Juniata",745,42067,15851.0638297872
21500,"Lackawanna",5269,42069,24506.976744186
12500,"Lebanon",5386,42075,43088
28000,"Lehigh",11579,42077,41353.5714285714
34500,"Luzerne",9886,42079,28655.0724637681
18000,"Lycoming",2243,42081,12461.1111111111
7100,"McKean",511,42083,7197.18309859155
5400,"Mifflin",1803,42087,33388.8888888889
3300,"Montour",476,42093,14424.2424242424
13000,"Northumberland",290,42097,2230.76923076923
95500,"Philadelphia",67943,42101,71144.502617801
4900,"Potter",12833,42105,261897.959183673
20500,"Schuylkill",4168,42107,20331.7073170732
7100,"Snyder",1041,42109,14661.9718309859
9500,"Susquehanna",628,42115,6610.52631578947
9500,"Venango",1006,42121,10589.4736842105
36000,"Westmoreland",443,42129,1230.55555555556
6600,"Newport",1217,44005,18439.3939393939
43000,"Providence",35980,44007,83674.4186046512
2100,"Abbeville",972,45001,46285.7142857143
10000,"Aiken",6424,45003,64240
700,"Allendale",447,45005,63857.1428571429
1100,"Bamberg",749,45009,68090.9090909091
1700,"Barnwell",985,45011,57941.1764705882
14500,"Berkeley",3374,45015,23268.9655172414
26000,"Charleston",20052,45019,77123.0769230769
3700,"Chesterfield",9443,51041,255216.216216216
3300,"Clarendon",1391,45027,42151.5151515152
2800,"Colleton",1485,45029,53035.7142857143
4400,"Darlington",3021,45031,68659.0909090909
2700,"Dillon",1553,45033,57518.5185185185
2300,"Edgefield",1181,45037,51347.8260869565
10000,"Florence",344,45041,3440
4100,"Georgetown",2776,45043,67707.3170731707
35000,"Greenville",24219,45045,69197.1428571429
1700,"Hampton",859,45049,50529.4117647059
21500,"Horry",14963,45051,69595.3488372093
4300,"Kershaw",2975,45055,69186.0465116279
23500,"Lexington",11516,45063,49004.2553191489
1100,"McCormick",341,45065,31000
2700,"Marlboro",1437,45069,53222.2222222222
2900,"Newberry",2127,45071,73344.8275862069
6900,"Orangeburg",3840,45075,55652.1739130435
1500,"Saluda",804,45081,53600
22000,"Spartanburg",12628,45083,57400
2700,"Williamsburg",1650,45089,61111.1111111111
900,"Aurora",360,46003,40000
2200,"Beadle",2292,46005,104181.818181818
700,"Bennett",314,46007,44857.1428571429
1700,"Bon Homme",1366,46009,80352.9411764706
4000,"Brookings",2461,46011,61525
900,"Brule",570,46015,63333.3333333333
2100,"Charles Mix",892,46023,42476.1904761905
3000,"Codington",2700,46029,90000
1500,"Corson",389,46031,25933.3333333333
1900,"Davison",2409,46035,126789.473684211
1100,"Day",382,46037,34727.2727272727
800,"Edmunds",258,46045,32250
800,"Fall River",365,46047,45625
1100,"Gregory",440,46053,40000
400,"Haakon",150,46055,37500
1800,"Hamlin",484,46057,26888.8888888889
700,"Hand",283,46059,40428.5714285714
900,"Hanson",266,46061,29555.5555555556
1600,"Hutchinson",670,46067,41875
400,"Jerauld",237,46073,59250
1400,"Kingsbury",442,46077,31571.4285714286
1100,"Lyman",458,46085,41636.3636363636
1500,"McCook",597,46087,39800
500,"Mellette",180,46095,36000
17000,"Minnehaha",20652,46099,121482.352941176
1400,"Moody",420,46101,30000
1200,"Oglala Lakota",1649,46102,137416.666666667
700,"Sanborn",271,46111,38714.2857142857
1600,"Spink",562,46115,35125
350,"Stanley",229,46117,65428.5714285714
350,"Sully",91,46119,26000
700,"Tripp",514,46123,73428.5714285714
800,"Walworth",7108,55127,888500
2300,"Yankton",1792,46135,77913.0434782609
1000,"Ziebach",207,46137,20700
1300,"Bledsoe",1194,47007,91846.1538461538
1300,"Cannon",795,47015,61153.8461538462
3300,"Cheatham",1685,47021,51060.6060606061
2300,"Cocke",1683,47029,73173.9130434783
1900,"Crockett",298,47033,15684.2105263158
3800,"Dickson",3025,47043,79605.2631578947
2500,"Dyer",3283,47045,131320
1500,"Fentress",1253,47049,83533.3333333333
2800,"Giles",303,47055,10821.4285714286
2000,"Grainger",1082,47057,54100
3600,"Hamblen",3679,47063,102194.444444444
2800,"Hardeman",91,47069,3250
4500,"Hawkins",2071,47073,46022.2222222222
3600,"Loudon",2395,47105,66527.7777777778
3800,"McMinn",2738,47107,72052.6315789474
3200,"McNairy",1431,47109,44718.75
5700,"Maury",6261,47119,109842.105263158
3600,"Obion",2748,47131,76333.3333333333
2000,"Overton",1566,47133,78300
550,"Pickett",400,47137,72727.2727272727
2200,"Rhea",1843,47143,83772.7272727273
3200,"Roane",188,47145,5875
1100,"Sequatchie",555,47153,50454.5454545454
500,"Trousdale",1918,47169,383600
1300,"Unicoi",918,47171,70615.3846153846
3700,"Weakley",2231,47183,60297.2972972973
1100,"Andrews",1066,48003,96909.0909090909
5600,"Angelina",3696,48005,66000
1300,"Aransas",438,48007,33692.3076923077
1400,"Archer",260,48009,18571.4285714286
2500,"Atascosa",1503,48013,60120
2300,"Austin",643,48015,27956.5217391304
350,"Bailey",476,48017,136000
1300,"Bandera",237,48019,18230.7692307692
3800,"Bastrop",2369,48021,62342.1052631579
300,"Baylor",54,48023,18000
2900,"Bee",2058,48025,70965.5172413793
117000,"Bexar",81638,48029,69776.0683760684
150,"Borden",5,48033,3333.33333333333
2600,"Bosque",531,48035,20423.0769230769
6700,"Bowie",2540,48037,37910.447761194
19500,"Brazoria",14574,48039,74738.4615384615
14000,"Brazos",11185,48041,79892.8571428571
750,"Brewster",708,48043,94400
400,"Briscoe",40,48045,10000
1300,"Burleson",669,48051,51461.5384615385
2700,"Burnet",1434,48053,53111.1111111111
1500,"Callahan",223,48059,14866.6666666667
800,"Castro",472,48069,59000
600,"Childress",830,48075,138333.333333333
650,"Cochran",155,48079,23846.1538461538
600,"Coke",204,48081,34000
950,"Coleman",179,48083,18842.1052631579
61000,"Collin",26990,48085,44245.9016393443
450,"Collingsworth",41,48087,9111.11111111111
8100,"Comal",4592,48091,56691.3580246914
550,"Concho",128,48095,23272.7272727273
3900,"Cooke",955,48097,24487.1794871795
7300,"Coryell",2539,48099,34780.8219178082
300,"Cottle",58,48101,19333.3333333333
450,"Crane",256,48103,56888.8888888889
1000,"Crosby",175,48107,17500
300,"Culberson",225,48109,75000
650,"Dallam",428,48111,65846.1538461538
1500,"Deaf Smith",1793,48117,119533.333333333
55500,"Denton",24133,48121,43482.8828828829
2100,"DeWitt",1243,48123,59190.4761904762
450,"Dickens",67,48125,14888.8888888889
500,"Dimmit",375,48127,75000
700,"Donley",113,48129,16142.8571428571
1400,"Eastland",369,48133,26357.1428571429
8200,"Ector",9140,48135,111463.414634146
2700,"Erath",1339,48143,49592.5925925926
750,"Fisher",162,48151,21600
200,"Foard",32,48155,16000
33500,"Fort Bend",22501,48157,67167.1641791045
1900,"Freestone",519,48161,27315.7894736842
1100,"Frio",1140,48163,103636.363636364
1200,"Gaines",964,48165,80333.3333333333
20000,"Galveston",14976,48167,74880
700,"Garza",162,48169,23142.8571428571
1800,"Gillespie",571,48171,31722.2222222222
200,"Glasscock",44,48173,22000
700,"Goliad",179,48175,25571.4285714286
2000,"Gonzales",1256,48177,62800
7800,"Gregg",5199,48183,66653.8461538462
2200,"Grimes",1388,48185,63090.9090909091
500,"Hansford",236,48195,47200
800,"Hartley",208,48205,26000
11500,"Hays",8321,48209,72356.5217391304
450,"Hemphill",248,48211,55111.1111111111
3000,"Hockley",1336,48219,44533.3333333333
350,"Hudspeth",256,48229,73142.8571428571
250,"Irion",32,48235,12800
400,"Jim Hogg",220,48247,55000
2200,"Jim Wells",2077,48249,94409.0909090909
1600,"Karnes",1007,48255,62937.5
9100,"Kaufman",4900,48257,53846.1538461538
60,"Kenedy",13,48261,21666.6666666667
3400,"Kerr",962,48265,28294.1176470588
500,"Kimble",129,48267,25800
250,"Kinney",89,48271,35600
1700,"Kleberg",1218,48273,71647.0588235294
1700,"Lamb",990,48279,58235.2941176471
1700,"Lampasas",399,48281,23470.5882352941
400,"La Salle",402,48283,100500
2600,"Lavaca",1391,48285,53500
950,"Lipscomb",133,48295,14000
1000,"Live Oak",452,48297,45200
1700,"Llano",317,48299,18647.0588235294
20,"Loving",1,48301,5000
20000,"Lubbock",33045,48303,165225
1100,"Lynn",376,48305,34181.8181818182
750,"McCulloch",279,48307,37200
19000,"McLennan",14531,48309,76478.9473684211
100,"McMullen",30,48311,30000
2100,"Matagorda",1314,48321,62571.4285714286
2600,"Maverick",4883,48323,187807.692307692
2300,"Milam",643,48331,27956.5217391304
2000,"Montague",637,48337,31850
250,"Motley",21,48345,8400
5200,"Nacogdoches",1975,48347,37980.7692307692
5100,"Navarro",2730,48349,53529.4117647059
1600,"Nolan",780,48353,48750
23000,"Nueces",24664,48355,107234.782608696
800,"Ochiltree",556,48357,69500
2600,"Palo Pinto",1028,48363,39538.4615384615
9600,"Parker",3884,48367,40458.3333333333
1200,"Parmer",710,48369,59166.6666666667
1400,"Pecos",804,48371,57428.5714285714
350,"Presidio",466,48377,133142.857142857
1200,"Rains",342,48379,28500
9800,"Randall",11050,48381,112755.102040816
400,"Reagan",227,48383,56750
350,"Real",131,48385,37428.5714285714
1300,"Reeves",693,48389,53307.6923076923
900,"Refugio",360,48391,40000
5300,"Rockwall",3277,48397,61830.1886792453
1300,"Runnels",361,48399,27769.2307692308
4700,"Rusk",914,48401,19446.8085106383
650,"San Augustine",368,48405,56615.3846153846
1400,"San Jacinto",257,48407,18357.1428571429
5400,"San Patricio",1883,48409,34870.3703703704
850,"San Saba",312,48411,36705.8823529412
350,"Schleicher",133,48413,38000
1500,"Scurry",1629,48415,108600
400,"Shackelford",52,48417,13000
450,"Somervell",261,48425,58000
3900,"Starr",4373,48427,112128.205128205
150,"Sterling",38,48431,25333.3333333333
250,"Stonewall",25,48433,10000
350,"Sutton",226,48435,64571.4285714286
900,"Swisher",281,48437,31222.2222222222
121000,"Tarrant",102051,48439,84339.6694214876
1200,"Terry",956,48445,79666.6666666667
350,"Throckmorton",23,48447,6571.42857142857
2700,"Titus",1798,48449,66592.5925925926
7700,"Tom Green",9388,48451,121922.077922078
73500,"Travis",38757,48453,52730.612244898
2000,"Tyler",141,48457,7050
3000,"Upshur",523,48459,17433.3333333333
500,"Upton",83,48461,16600
1400,"Uvalde",1151,48463,82214.2857142857
2900,"Val Verde",3300,48465,113793.103448276
4600,"Van Zandt",1772,48467,38521.7391304348
6100,"Victoria",4943,48469,81032.7868852459
3400,"Waller",1245,48473,36617.6470588235
18000,"Webb",20280,48479,112666.666666667
2800,"Wharton",1695,48481,60535.7142857143
1100,"Wilbarger",735,48487,66818.1818181818
1900,"Willacy",1376,48489,72421.0526315789
750,"Winkler",290,48495,38666.6666666667
5900,"Wise",1241,48497,21033.8983050847
500,"Yoakum",621,48501,124200
1200,"Young",877,48503,73083.3333333333
600,"Zapata",539,48505,89833.3333333333
500,"Zavala",737,48507,147400
700,"Utah",49539,49049,7077000
7500,"Box Elder",2299,49003,30653.3333333333
13500,"Cache",7920,49005,58666.6666666667
150,"Daggett",6,49009,4000
3900,"Duchesne",531,49013,13615.3846153846
1800,"Emery",338,49015,18777.7777777778
1600,"Juab",482,49023,30125
2100,"Millard",465,49027,22142.8571428571
400,"Piute",46,49031,11500
79500,"Salt Lake",81337,49035,102310.691823899
4100,"Sanpete",1257,49039,30658.5365853659
4700,"Tooele",2998,49045,63787.2340425532
3100,"Uinta",1089,56041,35129.0322580645
3100,"Uintah",831,49047,26806.4516129032
2600,"Wasatch",2252,49051,86615.3846153846
19000,"Weber",12880,49057,67789.4736842105
7700,"Addison",173,50001,2246.75324675325
4700,"Bennington",215,50003,4574.46808510638
5000,"Caledonia",128,50005,2560
15000,"Chittenden",1511,50007,10073.3333333333
1500,"Grand Isle",39,50013,2600
3400,"Lamoille",162,50015,4764.70588235294
8600,"Rutland",250,50021,2906.97674418605
6800,"Windsor",209,50027,3073.52941176471
3200,"Accomack",1357,51001,42406.25
8900,"Albemarle",1921,51003,21584.2696629213
650,"Amelia",224,51007,34461.5384615385
2500,"Amherst",829,51009,33160
1300,"Appomattox",407,51011,31307.6923076923
16500,"Arlington",6334,51013,38387.8787878788
5000,"Augusta",1231,51015,24620
650,"Bland",201,51021,30923.0769230769
3000,"Botetourt",784,51023,26133.3333333333
1700,"Buckingham",900,51029,52941.1764705882
1800,"Charles City",145,51036,8055.55555555556
3500,"Culpeper",2245,51047,64142.8571428571
1500,"Dickenson",274,51051,18266.6666666667
1900,"Dinwiddie",677,51053,35631.5789473684
92500,"Fairfax",31287,51059,33823.7837837838
6200,"Fauquier",1518,51061,24483.8709677419
1800,"Fluvanna",503,51065,27944.4444444444
1700,"Goochland",453,51075,26647.0588235294
1300,"Greensville",937,51081,72076.9230769231
21000,"Henrico",8467,51087,40319.0476190476
2900,"Isle of Wight",1044,51093,36000
4200,"James City",1212,51095,28857.1428571429
500,"King and Queen",105,51097,21000
2100,"King George",424,51099,20190.4761904762
1300,"King William",290,51101,22307.6923076923
28500,"Loudoun",10232,51107,35901.7543859649
1300,"Lunenburg",172,51111,13230.7692307692
400,"Mathews",163,51115,40750
1300,"New Kent",402,51127,30923.0769230769
1400,"Nottoway",512,51135,36571.4285714286
1500,"Patrick",470,51141,31333.3333333333
5600,"Pittsylvania",1783,51143,31839.2857142857
2100,"Powhatan",481,51145,22904.7619047619
1900,"Prince Edward",879,51147,46263.1578947368
32500,"Prince William",18490,51153,56892.3076923077
700,"Rappahannock",93,51157,13285.7142857143
6700,"Roanoke",2989,51161,44611.9402985075
1500,"Rockbridge",283,51163,18866.6666666667
3700,"Shenandoah",1420,51171,38378.3783783784
3200,"Smyth",1055,51173,32968.75
2100,"Southampton",988,51175,47047.619047619
11000,"Spotsylvania",3185,51177,28954.5454545455
2100,"Wythe",694,51197,33047.619047619
11500,"Alexandria city",5404,51510,46991.3043478261
1100,"Bristol city",540,51520,49090.9090909091
450,"Buena Vista city",275,51530,61111.1111111111
4000,"Charlottesville city",1860,51540,46500
15000,"Chesapeake city",6699,51550,44660
1500,"Colonial Heights city",422,51570,28133.3333333333
450,"Covington city",164,51580,36444.4444444444
3600,"Danville city",1644,51590,45666.6666666667
400,"Emporia city",337,51595,84250
2000,"Fairfax city",212,51600,10600
1200,"Falls Church city",106,51610,8833.33333333333
450,"Franklin city",549,51620,122000
2000,"Fredericksburg city",708,51630,35400
500,"Galax city",574,51640,114800
8700,"Hampton city",2829,51650,32517.2413793103
4500,"Harrisonburg city",3482,51660,77377.7777777778
1400,"Hopewell city",629,51670,44928.5714285714
650,"Lexington city",363,51678,55846.1538461538
6400,"Lynchburg city",2776,51680,43375
2700,"Manassas city",2323,51683,86037.037037037
800,"Manassas Park city",727,51685,90875
1100,"Martinsville city",718,51690,65272.7272727273
12000,"Newport News city",4085,51700,34041.6666666667
21000,"Norfolk city",6566,51710,31266.6666666667
300,"Norton city",85,51720,28333.3333333333
2300,"Petersburg city",1130,51730,49130.4347826087
950,"Poquoson city",147,51735,15473.6842105263
7300,"Portsmouth city",3216,51740,44054.7945205479
1300,"Radford city",1168,51750,89846.1538461538
17000,"Richmond city",6754,51760,39729.4117647059
6200,"Roanoke city",4131,51770,66629.0322580645
2200,"Salem city",893,51775,40590.9090909091
1900,"Staunton city",960,51790,50526.3157894737
7800,"Suffolk city",2776,51800,35589.7435897436
33500,"Virginia Beach city",10963,51810,32725.3731343284
1200,"Waynesboro city",648,51820,54000
1700,"Williamsburg city",291,51830,17117.6470588235
1700,"Winchester city",1081,51840,63588.2352941176
1800,"Asotin",681,53003,37833.3333333333
4900,"Chelan",3663,53007,74755.1020408163
6900,"Clallam",484,53009,7014.49275362319
7300,"Cowlitz",1459,53015,19986.301369863
1200,"Ferry",80,53019,6666.66666666667
6700,"Grays Harbor",1035,53027,15447.7611940299
23000,"Kitsap",2538,53035,11034.7826086957
3700,"Kittitas",998,53037,26972.972972973
1900,"Klickitat",275,53039,14473.6842105263
4300,"Okanogan",1343,53047,31232.5581395349
2100,"Pacific",263,53049,12523.8095238095
1700,"Pend Oreille",243,53051,14294.1176470588
17500,"Skagit",2060,53057,11771.4285714286
1900,"Skamania",108,53059,5684.21052631579
56500,"Snohomish",16234,53061,28732.7433628319
37000,"Spokane",17535,53063,47391.8918918919
500,"Wahkiakum",35,53069,7000
5200,"Walla Walla",2271,53071,43673.0769230769
14500,"Whatcom",2479,53073,17096.5517241379
6100,"Whitman",2363,53075,38737.7049180328
18000,"Yakima",15448,53077,85822.2222222222
1200,"Braxton",119,54007,9916.66666666667
2200,"Brooke",682,54009,31000
7300,"Cabell",2956,54011,40493.1506849315
800,"Doddridge",125,54017,15625
3000,"Greenbrier",534,54025,17800
1000,"Hardy",295,54031,29500
14000,"Kanawha",5785,54039,41321.4285714286
2200,"Mingo",990,54059,45000
7800,"Monongalia",3373,54061,43243.5897435897
1000,"Pleasants",101,54073,10100
3500,"Preston",664,54077,18971.4285714286
5200,"Raleigh",1644,54081,31615.3846153846
1300,"Ritchie",182,54085,14000
950,"Summers",278,54089,29263.1578947368
1300,"Tucker",141,54093,10846.1538461538
1600,"Wetzel",415,54103,25937.5
550,"Wirt",117,54105,21272.7272727273
10500,"Barron",3721,55005,35438.0952380952
5200,"Bayfield",703,55007,13519.2307692308
6000,"Burnett",857,55013,14283.3333333333
7400,"Calumet",4292,55015,58000
49000,"Dane",28370,55025,57897.9591836735
6000,"Door",1721,55029,28683.3333333333
11000,"Eau Claire",8000,55035,72727.2727272727
15000,"Fond du Lac",8947,55039,59646.6666666667
4700,"Green Lake",1433,55047,30489.3617021277
13500,"Kenosha",10596,55059,78488.8888888889
4800,"Kewaunee",1754,55061,36541.6666666667
12500,"La Crosse",8408,55063,67264
4600,"Langlade",1635,55067,35543.4782608696
13500,"Manitowoc",5617,55071,41607.4074074074
22500,"Marathon",10619,55073,47195.5555555556
7900,"Marinette",3233,55075,40924.0506329114
82000,"Milwaukee",73976,55079,90214.6341463415
8600,"Oconto",3374,55083,39232.5581395349
20000,"Outagamie",14628,55087,73140
8400,"Ozaukee",5402,55089,64309.5238095238
2600,"Pepin",486,55091,18692.3076923077
5100,"Price",771,55099,15117.6470588235
17000,"Racine",15580,55101,91647.0588235294
12500,"St. Croix",4636,55109,37088
12000,"Sauk",3734,55111,31116.6666666667
4600,"Sawyer",927,55113,20152.1739130435
11000,"Shawano",3883,55115,35300
15500,"Sheboygan",9500,55117,61290.3225806452
8100,"Trempealeau",2452,55121,30271.6049382716
4700,"Vilas",1301,55125,27680.8510638298
5700,"Washburn",762,55129,13368.4210526316
38500,"Waukesha",28790,55133,74779.2207792208
11000,"Waupaca",4204,55135,38218.1818181818
6800,"Waushara",1833,55137,26955.8823529412
1100,"Converse",637,56009,57909.0909090909
1600,"Goshen",746,56015,46625
700,"Hot Springs",152,56017,21714.2857142857
6900,"Laramie",5290,56021,76666.6666666667
6500,"Natrona",5079,56025,78138.4615384615
350,"Niobrara",121,56027,34571.4285714286
500,"Sublette",447,56035,89400
3300,"Sweetwater",1903,56037,57666.6666666667
900,"Washakie",467,56043,51888.8888888889
750,"Weston",409,56045,54533.3333333333
1200,"Adjuntas",244,72001,20333.3333333333
2000,"Aguada",673,72003,33650
3800,"Aguadilla",870,72005,22894.7368421053
1200,"Aguas Buenas",518,72007,43166.6666666667
1300,"Aibonito",322,72009,24769.2307692308
5200,"Arecibo",1656,72013,31846.1538461538
850,"Arroyo",246,72015,28941.1764705882
850,"Barceloneta",463,72017,54470.5882352941
1300,"Barranquitas",851,72019,65461.5384615385
2100,"Cabo Rojo",640,72023,30476.1904761905
7300,"Caguas",3311,72025,45356.1643835616
1700,"Camuy",693,72027,40764.7058823529
2400,"Cayey",776,72035,32333.3333333333
700,"Ceiba",241,72037,34428.5714285714
950,"Ciales",521,72039,54842.1052631579
2200,"Cidra",623,72041,28318.1818181818
2000,"Coamo",565,72043,28250
1500,"Corozal",1162,72047,77466.6666666667
200,"Culebra",25,72049,12500
2100,"Fajardo",852,72053,40571.4285714286
2200,"Guayama",549,72057,24954.5454545455
1400,"Guayanilla",318,72059,22714.2857142857
4600,"Guaynabo",3010,72061,65434.7826086956
1900,"Gurabo",1069,72063,56263.1578947368
1600,"Hatillo",643,72065,40187.5
1100,"Hormigueros",282,72067,25636.3636363636
2500,"Humacao",1007,72069,40280
1900,"Isabela",646,72071,34000
750,"Jayuya",357,72073,47600
1500,"Juncos",831,72077,55400
1100,"Lajas",261,72079,23727.2727272727
1800,"Lares",619,72081,34388.8888888889
1600,"Las Piedras",848,72085,53000
1100,"Luquillo",398,72089,36181.8181818182
450,"Maricao",99,72093,22000
600,"Maunabo",219,72095,36500
1700,"Moca",802,72099,47176.4705882353
1600,"Morovis",852,72101,53250
850,"Naguabo",483,72103,56823.5294117647
1300,"Naranjito",1068,72105,82153.8461538462
1400,"Orocovis",541,72107,38642.8571428571
850,"Patillas",265,72109,31176.4705882353
10000,"Ponce",1723,72113,17230
900,"Quebradillas",414,72115,46000
1400,"Sabana Grande",274,72121,19571.4285714286
1600,"Salinas",724,72123,45250
1900,"San Lorenzo",934,72129,49157.8947368421
1100,"Santa Isabel",368,72133,33454.5454545455
3400,"Toa Alta",2424,72135,71294.1176470588
4800,"Toa Baja",2644,72137,55083.3333333333
3800,"Trujillo Alto",2054,72139,54052.6315789474
1800,"Utuado",467,72141,25944.4444444444
1900,"Vega Alta",1294,72143,68105.2631578947
2700,"Vega Baja",1721,72145,63740.7407407407
300,"Vieques",111,72147,37000
1600,"Villalba",489,72149,30562.5
1700,"Yabucoa",591,72151,34764.7058823529
2200,"Yauco",738,72153,33545.4545454545
